id,title,signature,shelf,priceUsd,description,fulfillment
magnets,Magnets,,believer,199,"Make invisible forces visible: drag metal with a lodestone, map a magnet's field with iron filings, and watch a compass swing as you move the poles. Teaches push, pull, lift, and how to test a claim by watching what actually happens.",
focus,Focus,,believer,199,"Take a small force and concentrate it until it pierces, sparks, and cuts. A hands-on lesson in gathering your energy, aiming it at one point, and seeing how much more it can do when nothing is wasted.",
levers,Levers,,believer,199,"Move something heavy with one hand. Build levers, find the right fulcrum, and load the arm until you feel why leverage multiplies what you can lift, then use it to pry, balance, and move real weight.",
beams,Beams,,believer,199,"Find out which shapes hold, which bend, and which snap. Clamp and load your own structures until you understand why some things stand up and others collapse.",
sales,Sales,,believer,399,"Learn to hear what people actually mean. With a stethoscope, a recorder, and hands-on experiments in attention, you'll practice listening and clarifying until a conversation builds into something that grows.",
anger,Anger,,frontier,199,,
carpentry,Carpentry,,believer,349,"Measure twice, cut once. Saw, chisel, and level your first real woodworking project while you learn how careful measurement turns a rough board into something true and square.",
plumbing,Plumbing,,frontier,349,,
capital,Capital,,frontier,699,,
buildings,Buildings,,frontier,299,,
electricity,Electricity,,believer,249,"Build a circuit and watch a bulb light. Connect wires, flip switches, and meter the flow until you can make, measure, and move electricity on purpose.",
fire,Fire,,believer,249,"Make fire, then learn to use it. Light, warm, melt, and join with real flames under your control, and see the chemistry that turns a spark into useful work.",
launch,launch,,believer special,175,Includes ticket to Knowbooks launch celebration. Beachside on Oahu. Date to be determined by El Niño. November 2026.,pickup
gold,Gold,,frontier,999,,
silver,Silver,,frontier,899,,
bronze,Bronze,,frontier,799,,
light,Light,,frontier,249,,
tools,Tools,,frontier,249,,
gravity,Gravity,,frontier,249,,
sound,Sound,,frontier,249,,
air,Air,,frontier,249,,
heat,Heat,,frontier,249,,
glass,Glass,,frontier,249,,
plastics,Plastics,,frontier,249,,
cells,Cells,,frontier,299,,
iron,Iron,,frontier,249,,
elements,Elements,,frontier,249,,
copper,Copper,,frontier,249,,
venture,Venture,,frontier,10000,,
banking,Banking,,frontier,1999,,
sleep,Sleep,,frontier,499,,
fields,Fields,,frontier,249,,
energy,Energy,,frontier,249,,
frequency,Frequency,,frontier,299,,
waves,Waves,,frontier,299,,
helices,Helices,,frontier,299,,
springs,Springs,,frontier,249,,
voltage,Voltage,,frontier,249,,
wires,Wires,,frontier,249,,
motors,Motors,,frontier,249,,
gears,Gears,,frontier,249,,
colors,Colors,,frontier,249,,
matter,Matter,,frontier,249,,
atoms,Atoms,,frontier,249,,
motion,Motion,,frontier,249,,
momentum,Momentum,,frontier,249,,
friction,Friction,,frontier,249,,
ropes,Ropes,,frontier,249,,
wind,Wind,,frontier,249,,
aerodynamics,Aerodynamics,,frontier,249,,
water,Water,,frontier,249,,
rust,Rust,,frontier,249,,
time,Time,,frontier,249,,
patience,Patience,,frontier,249,,
centuries,Centuries,,frontier,249,,
liberty,Liberty,,frontier,249,,
courage,Courage,,frontier,249,,
property,Property,,frontier,399,,
membranes,Membranes,,frontier,249,,
decay,Decay,,frontier,299,,
bonds,Bonds,,frontier,249,,
teamwork,Teamwork,,frontier,249,,
motivation,Motivation,,frontier,249,,
competition,Competition,,frontier,249,,
alignment,Alignment,,frontier,249,,
collusion,Collusion,,frontier,249,,
paper,Paper,,frontier,249,,
ink,Ink,,frontier,249,,
folding,Folding,,frontier,249,,
metals,Metals,,frontier,249,,
steel,Steel,,frontier,249,,
aluminum,Aluminum,,frontier,249,,
brass,Brass,,frontier,249,,
wood,Wood,,frontier,249,,
seeds,Seeds,,frontier,249,,
wheels,Wheels,,frontier,249,,
wedges,Wedges,,frontier,249,,
stars,Stars,,frontier,249,,
exploration,Exploration,,frontier,249,,
fabric,Fabric,,frontier,249,,
food,Food,,frontier,249,,
trees,Trees,,frontier,249,,
breath,Breath,,frontier,249,,
smell,Smell,,frontier,349,,
rain,Rain,,frontier,249,,
budgeting,Budgeting,,frontier,249,,
bookkeeping,Bookkeeping,,frontier,299,,
screws,Screws,,frontier,249,,
ironing,Ironing,,frontier,199,,
payroll,Payroll,,frontier,299,,
batteries,Batteries,,frontier,299,,
software,Software,,frontier,599,,
scroll,Scroll,,frontier,499,,
marketing,Marketing,,frontier,1499,,
hydration,Hydration,,frontier,249,,
hurricanes,Hurricanes,,frontier,399,,
currency,Currency,,frontier,799,,
bitcoin,Bitcoin,,frontier,899,,
guitar,Guitar,,frontier,599,,
piano,Piano,,frontier,599,,
drums,Drums,,frontier,599,,
singing,Singing,,frontier,599,,
matrices,Matrices,,frontier,800,,
actuators,Actuators,,frontier,1499,,
rockets,Rockets,,frontier,1969,,
transistors,Transistors,,frontier,1499,,
ibuprofen,Ibuprofen,,frontier,449,,
ivermectin,Ivermectin,,frontier,849,,
mitochondria,Mitochondria,,frontier,1499,,
cancer,Cancer,,frontier,1499,,
fusion,Fusion,,frontier,1499,,
raising,Raising,,frontier,1921,,
attraction,Attraction,,frontier,699,,
basketball,Basketball,,frontier,3323,,
football,Football,,frontier,2837,,
soccer,Soccer,,frontier,1023,,
boxing,Boxing,,frontier,4956,,
chimps,Chimps,,frontier,699,,
dolphins,Dolphins,,frontier,750,,
golf,Golf,,frontier,1518,,
baseball,Baseball,,frontier,406,,
flow,Flow,,frontier,1499,,
gluons,Gluons,,frontier,1499,,
bosons,Bosons,,frontier,1499,,
solar,Solar,,frontier,10000,,
neurons,Neurons,,frontier,799,,
knowbook,Knowbooks,,special,10000,Includes an initial partner conversation about building Knowbooks in your community.,
bitokens,Bitokens,,special,1000,100 bitokens. Can be used to pay for both input and output tokens. Send prompts to bi@knowbooks.com.,
breck.ecommerce,ECommerce,Breck Yunits,frontier,4200,,
breck.twitter,Twitter,Breck Yunits,frontier,6900,,